Name_common,target_name,point type,Name_common_year,Name_2018,Name_2019_x,Easting_2018_y,Northing_2018_y,Elevation_2018_y,H_Prec_Obs_2018_y,V_Prec_Obs_2018_y,Date_Obs_2018_y,Time_Obs_2018_y,Name_2019_y,Layer_2019,rebar_height_m_2019,Easting_2019_y,Northing_2019_y,Elevation_2019_y,Elevation_minus_rebar_m_2019,GlobalLati_2019,GlobalLong_2019,GlobalElli_2019,ElliHeight_minus_rebar_m_2019,LocalLatit_2019_y,LocalLongi_2019_y,LocalEllip_2019_y,ElliHeight_minus_Rebar_m_2019,H_Prec_Obs_2019_y,V_Prec_Obs_2019_y,Date_Obs_2019_y,Time_Obs_2019_y,Easting_2017,Northing_2017,Elevation_2017,LocalLatit_2017,LocalLongi_2017,LocalEllip_2017,H_Prec_Obs_2017,V_Prec_Obs_2017,Date_Obs_2017,Time_Obs_2017,Name_2017
fglb3l_lr,Target 3L,lobe,fglb3l_lr_2018,fglb3_lower_br,fglb_4l_lr,442855.2947,7206981.799,211.786439,0.014684,0.01879,7/12/2018,2:14:16 PM,fglb3l_lr,Points,0,442854.7686,7206981.443,211.724831,211.724831,1.134148,-2.90093,216.687339,216.687339,64.981871,-166.211054,216.687425,216.687425,0.006186,0.007483,8/10/2019,6:49:07 PM,442855.0194,7206982.248,211.82761,64.981878,-166.211049,216.790195,0.02898,0.041936,6/28/2017,8:30:39 PM,tr47 fglb3l lr
fglb3l_ur,Target 3L,lobe,fglb3l_ur_2018,fglb3_lower_tr,fglb_4l_ur,442855.0222,7206982.211,211.791926,0.014293,0.018256,7/12/2018,2:14:57 PM,fglb3l_ur,Points,0,442855.2787,7206981.796,211.764062,211.764062,1.134148,-2.90093,216.726567,216.726567,64.981874,-166.211043,216.726653,216.726653,0.00605,0.007306,8/10/2019,6:50:19 PM,442855.2641,7206981.824,211.809291,64.981875,-166.211044,216.771882,0.036467,0.052909,6/28/2017,8:31:02 PM,tr47 fglb3l ur
fglb3l_ul,Target 3L,lobe,fglb3l_ul_2018,fglb3_lower_tl,fglb_4l_ul,442854.4976,7206981.851,211.785409,0.014116,0.01802,7/12/2018,2:15:38 PM,fglb3l_ul,Points,0,442855.0502,7206982.18,211.779055,211.779055,1.134148,-2.90093,216.741555,216.741555,64.981878,-166.211048,216.741641,216.741641,0.005936,0.007201,8/10/2019,6:51:14 PM,442854.7858,7206981.501,211.760985,64.981872,-166.211054,216.723579,0.033529,0.048743,6/28/2017,8:31:23 PM,tr47 fglb3l ul
fglb3l_ll,Target 3L,lobe,fglb3l_ll_2018,fglb3_lower_bl,fglb_4l_ll,442854.787,7206981.463,211.724989,0.01499,0.019327,7/12/2018,2:13:26 PM,fglb3l_ll,Points,0,442854.5269,7206981.829,211.772631,211.772631,1.134148,-2.90093,216.735134,216.735134,64.981874,-166.211059,216.73522,216.73522,0.005887,0.007138,8/10/2019,6:52:09 PM,442854.4886,7206981.877,211.819307,64.981875,-166.21106,216.781896,0.015961,0.023041,6/28/2017,8:30:20 PM,tr47 fglb3l ll
fglb4l_ur,Target 4L,lobe,fglb4l_ur_2018,fglb4_bottom_tr,fglb_unklow_ur,442845.4155,7207013.731,219.962401,0.015374,0.020255,7/12/2018,2:24:12 PM,fglb4l_ur,Points,0,442845.4031,7207013.717,219.949445,219.949445,1.134153,-2.900934,224.911554,224.911554,64.982159,-166.211266,224.91164,224.91164,0.006094,0.007553,8/10/2019,7:10:42 PM,442845.4115,7207013.856,219.978495,64.981878,-166.211049,216.790195,0.02898,0.041936,6/28/2017,8:30:39 PM,tr47 fglb4l ur
fglb4l_ul,Target 4L,lobe,fglb4l_ul_2018,fglb4_bottom_tl,fglb_unklow_ul,442844.7932,7207013.692,219.909629,0.015275,0.020144,7/12/2018,2:24:57 PM,fglb4l_ul,Points,0,442844.7751,7207013.678,219.889682,219.889682,1.134153,-2.900934,224.851792,224.851792,64.982158,-166.211279,224.851878,224.851878,0.00627,0.008065,8/10/2019,7:11:46 PM,442844.79,7207013.793,219.94555,64.981875,-166.21106,216.781896,0.015961,0.023041,6/28/2017,8:30:20 PM,tr47 fglb4l ul
fglb4l_lr,Target 4L,lobe,fglb4l_lr_2018,fglb4_bottom_br,fglb_unklow_lr,442845.4543,7207013.271,219.91894,0.015701,0.02064,7/12/2018,2:23:30 PM,fglb4l_lr,Points,0,442845.3988,7207013.234,219.893956,219.893956,1.134153,-2.900934,224.856071,224.856071,64.982155,-166.211265,224.856157,224.856157,0.006159,0.007655,8/10/2019,7:09:14 PM,442845.4371,7207013.357,219.94748,64.981875,-166.211044,216.771882,0.036467,0.052909,6/28/2017,8:31:02 PM,tr47 fglb4l lr
fglb4l_ll,Target 4L,lobe,fglb4l_ll_2018,fglb4_bottom_bl,fglb_unklow_ll,442844.8332,7207013.223,219.865213,0.016348,0.021401,7/12/2018,2:22:49 PM,fglb4l_ll,Points,0,442844.8121,7207013.226,219.837671,219.837671,1.134153,-2.900934,224.799785,224.799785,64.982154,-166.211278,224.799871,224.799871,0.006025,0.007602,8/10/2019,7:12:43 PM,442844.8208,7207013.305,219.899884,64.981872,-166.211054,216.723579,0.033529,0.048743,6/28/2017,8:31:23 PM,tr47 fglb4l ll
fglb3m_ll,Target 3M,lobe,fglb3m_ll_2018,fglb?_front_bl,fglb2f_ll,442845.4348,7206979.231,210.973078,0.015447,0.019582,7/12/2018,2:06:39 PM,fglb3m_ll,Points,0,442845.0997,7206979.537,211.007513,211.007513,1.134147,-2.900934,215.970029,215.970029,64.981852,-166.211258,215.970115,215.970115,0.00611,0.007454,8/10/2019,6:43:14 PM,442845.3968,7206979.274,211.041774,64.98185,-166.211252,216.00438,0.03014,0.044028,6/28/2017,8:32:17 PM,tr47 fglb3m ll
fglb3m_lr,Target 3M,lobe,fglb3m_lr_2018,fglb?_front_br,fglb2f_lr,442845.8704,7206979.656,211.106047,0.014761,0.018747,7/12/2018,2:07:22 PM,fglb3m_lr,Points,0,442845.4178,7206979.181,210.945512,210.945512,1.134147,-2.900934,215.908033,215.908033,64.981849,-166.211251,215.908119,215.908119,0.006539,0.00811,8/10/2019,6:39:50 PM,442845.9215,7206979.675,211.169887,64.981854,-166.211241,216.132489,0.032602,0.047737,6/28/2017,8:32:33 PM,tr47 fglb3m lr
fglb3m_ul,Target 3M,lobe,fglb3m_ul_2018,fglb?_front_tl,fglb2f_ul,442845.0707,7206979.587,211.045908,0.01486,0.018936,7/12/2018,2:08:48 PM,fglb3m_ul,Points,0,442845.5519,7206979.954,211.105543,211.105543,1.134147,-2.900934,216.068055,216.068055,64.981856,-166.211249,216.068141,216.068141,0.006314,0.007831,8/10/2019,6:42:20 PM,442845.1077,7206979.615,211.113153,64.981853,-166.211258,216.075754,0.029884,0.043927,6/28/2017,8:33:46 PM,tr47 fglb3m ul
fglb3m_ur,Target 3M,lobe,fglb3m_ur_2018,fglb?_front_tr,fglb_3m_ur,442845.5368,7206979.993,211.132795,0.014385,0.018293,7/12/2018,2:08:01 PM,fglb3m_ur,Points,0,442845.8563,7206979.604,211.089507,211.089507,1.134147,-2.900933,216.052024,216.052024,64.981853,-166.211242,216.05211,216.05211,0.006373,0.007867,8/10/2019,6:41:10 PM,442845.5647,7206980.044,211.200133,64.981857,-166.211248,216.16273,0.036179,0.053093,6/28/2017,8:33:27 PM,tr47 fglb3m ur
fglb3u_ll,Target 3U,lobe,fglb3u_ll_2018,fglb3_upper_bl,fglb_3u_ll,442837.2165,7206986.217,213.000683,0.015112,0.0193,7/12/2018,2:09:57 PM,fglb3u_ll,Points,0,442837.2417,7206986.174,212.984921,212.984921,1.134148,-2.900937,217.947347,217.947347,64.98191,-166.211427,217.947433,217.947433,0.005885,0.007267,8/10/2019,6:59:01 PM,442837.2208,7206986.298,213.022405,64.981912,-166.211428,217.984915,0.018536,0.026523,6/28/2017,8:35:31 PM,tr47 fglb3u ll
fglb3u_lr,Target 3U,lobe,fglb3u_lr_2018,fglb3_upper_br,fglb_3u_lr,442837.8391,7206986.259,212.96386,0.014616,0.018674,7/12/2018,2:10:42 PM,fglb3u_lr,Points,0,442837.8244,7206986.206,212.947258,212.947258,1.134148,-2.900936,217.909685,217.909685,64.981911,-166.211415,217.909771,217.909771,0.005893,0.007228,8/10/2019,6:58:06 PM,442837.822,7206986.313,213.008206,64.981912,-166.211415,217.970717,0.020325,0.029077,6/28/2017,8:35:14 PM,tr47 fglb3u lr
fglb3u_ul,Target 3U,lobe,fglb3u_ul_2018,fglb3_upper_tl,fglb_3u_ul,442837.1932,7206986.675,213.034067,0.014407,0.018425,7/12/2018,2:12:11 PM,fglb3u_ul,Points,0,442837.1956,7206986.652,213.000151,213.000151,1.134148,-2.900937,217.962571,217.962571,64.981915,-166.211428,217.962657,217.962657,0.006019,0.007368,8/10/2019,6:57:12 PM,442837.175,7206986.766,213.077839,64.981916,-166.211429,218.040343,0.023315,0.034489,6/28/2017,8:34:31 PM,tr47 fglb3u ul
fglb3u_ur,Target 3U,lobe,fglb3u_ur_2018,fglb3_upper_tr,fglb_3u_ur,442837.8192,7206986.734,213.048608,0.014208,0.018157,7/12/2018,2:11:22 PM,fglb3u_ur,Points,0,442837.8059,7206986.683,213.020899,213.020899,1.134148,-2.900936,217.983319,217.983319,64.981915,-166.211416,217.983405,217.983405,0.006088,0.007449,8/10/2019,6:55:59 PM,442837.8211,7206986.772,213.054942,64.981916,-166.211415,218.017448,0.022498,0.032192,6/28/2017,8:34:55 PM,tr47 fglb3u ur
bm3_cl,Target BM3,lobe,bm3_cl_2018,fglb?_bml,bm3_rl,442839.2294,7206972.234,208.25697,0.014851,0.018853,7/12/2018,2:19:03 PM,bm3_cl,Points,0.2032,442839.2083,7206972.191,208.295586,208.092386,1.134146,-2.900936,213.25818,213.05498,64.981785,-166.21138,213.258266,213.055066,0.006739,0.00782,8/10/2019,6:16:08 PM,442839.2205,7206972.325,208.237863,64.981787,-166.21138,213.200542,0.016798,0.023955,6/28/2017,8:38:42 PM,tr47 bm3 cl
bm3_cr,Target BM3,lobe,bm3_cr_2018,fglb?_bmr,bm3_rr,442839.6483,7206972.157,208.23603,0.014529,0.018435,7/12/2018,2:19:47 PM,bm3_cr,Points,0.219075,442839.6281,7206972.081,208.270612,208.051537,1.134146,-2.900936,213.233209,213.014134,64.981784,-166.211371,213.233295,213.01422,0.006578,0.007643,8/10/2019,6:17:06 PM,442839.6597,7206972.226,208.20875,64.981786,-166.21137,213.171431,0.017157,0.024391,6/28/2017,8:38:23 PM,tr47 bm3 cr
bm3_ll,Target BM3,lobe,bm3_ll_2018,fglb?_bl,bm3_ll,442839.0547,7206972.03,207.989305,0.01584,0.020267,7/12/2018,2:02:51 PM,bm3_ll,Points,0,442839.0478,7206972.007,207.979607,207.979607,1.134146,-2.900936,212.942204,212.942204,64.981784,-166.211383,212.94229,212.94229,0.006786,0.00786,8/10/2019,6:14:46 PM,442839.077,7206972.122,208.031285,64.981785,-166.211383,212.993966,0.017218,0.024274,6/28/2017,8:37:57 PM,tr47 bm3 ll
bm3_lr,Target BM3,lobe,bm3_lr_2018,fglb?_br,bm3_lr,442839.6807,7206971.931,207.971516,0.015158,0.019423,7/12/2018,2:03:38 PM,bm3_lr,Points,0,442839.6619,7206971.901,207.954863,207.954863,1.134146,-2.900936,212.917462,212.917462,64.981783,-166.21137,212.917548,212.917548,0.007015,0.008011,8/10/2019,6:08:58 PM,442839.6936,7206971.985,208.012886,64.981784,-166.21137,212.97557,0.018344,0.026117,6/28/2017,8:37:21 PM,tr47 bm3 lr
bm3_ul,Target BM3,lobe,bm3_ul_2018,fglb?_tl,bm3_ul,442839.1508,7206972.494,208.031135,0.014793,0.019011,7/12/2018,2:05:09 PM,bm3_ul,Points,0,442839.1675,7206972.476,208.003508,208.003508,1.134146,-2.900936,212.966099,212.966099,64.981788,-166.211381,212.966185,212.966185,0.006916,0.008005,8/10/2019,6:13:31 PM,442839.1656,7206972.547,208.045933,64.981789,-166.211381,213.008609,0.018284,0.02593,6/28/2017,8:36:41 PM,tr47 bm3 ul
bm3_ur,Target BM3,lobe,bm3_ur_2018,fglb?_tr,bm3_ur,442839.7669,7206972.401,208.005866,0.01492,0.019152,7/12/2018,2:04:27 PM,bm3_ur,Points,0,442839.756,7206972.345,208.004641,208.004641,1.134146,-2.900936,212.967235,212.967235,64.981787,-166.211368,212.967321,212.967321,0.006898,0.007975,8/10/2019,6:11:01 PM,442839.7787,7206972.441,208.02984,64.981788,-166.211368,212.992518,0.018063,0.025655,6/28/2017,8:37:02 PM,tr47 bm3 ur
fglb4u_lr,Target 4U,lobe,fglb4u_lr_2018,fglb4_front_br,fglb_unkhi_lr,442845.1288,7207015.318,220.84055,0.016103,0.021263,7/12/2018,2:26:30 PM,fglb4u_lr,Points,0,442845.1258,7207015.284,220.816826,220.816826,1.134153,-2.900934,225.778916,225.778916,64.982173,-166.211272,225.779002,225.779002,0.006114,0.007625,8/10/2019,7:16:30 PM,442845.1281,7207015.418,220.878897,64.982174,-166.211272,225.841072,0.017483,0.024854,6/28/2017,8:46:43 PM,tr47 fglb4u lr
fglb4u_ul,Target 4U,lobe,fglb4u_ul_2018,fglb4_front_tl,fglb_unkhi_ul,442844.5182,7207015.794,220.909432,0.01522,0.020039,7/12/2018,2:28:01 PM,fglb4u_ul,Points,0,442844.5168,7207015.764,220.893738,220.893738,1.134153,-2.900934,225.855822,225.855822,64.982177,-166.211285,225.855908,225.855908,0.005986,0.007466,8/10/2019,7:18:25 PM,442844.5116,7207015.863,220.971664,64.982178,-166.211285,225.933833,0.016282,0.022863,6/28/2017,8:47:33 PM,tr47 fglb4u ul
fglb4u_ur,Target 4U,lobe,fglb4u_ur_2018,fglb4_front_tr,fglb_unkhi_ur,442845.1324,7207015.761,220.941543,0.015126,0.019891,7/12/2018,2:28:45 PM,fglb4u_ur,Points,0,442845.1272,7207015.725,220.92004,220.92004,1.134153,-2.900934,225.882126,225.882126,64.982177,-166.211272,225.882212,225.882212,0.005974,0.00746,8/10/2019,7:17:28 PM,442845.1363,7207015.879,220.98852,64.982178,-166.211272,225.950689,0.016962,0.02428,6/28/2017,8:47:07 PM,tr47 fglb4u ur
bm5_cl,Target BM5,lobe,bm5_cl_2018,bm_5_lc,bm5_rl,442647.026,7206678.181,154.430719,0.02038,0.047772,7/11/2018,5:25:46 PM,bm5_cl,Points,0.149225,442647.0463,7206678.188,154.391336,154.242111,1.134099,-2.901005,159.356838,159.207613,64.979115,-166.215331,159.356924,159.207699,0.008891,0.008657,8/11/2019,2:59:53 PM,442647.0197,7206678.211,154.620175,64.979115,-166.215332,159.585762,0.018563,0.024488,6/28/2017,9:21:30 PM,tr47 bm5 cl
bm5_cr,Target BM5,lobe,bm5_cr_2018,bm_5_rc,bm5_rr,442647.1345,7206678.405,154.410945,0.02401,0.056247,7/11/2018,5:27:44 PM,bm5_cr,Points,0.14605,442647.1574,7206678.408,154.387058,154.241008,1.1341,-2.901005,159.352557,159.206507,64.979117,-166.215329,159.352643,159.206593,0.009041,0.008851,8/11/2019,2:58:35 PM,442647.1373,7206678.414,154.622802,64.979117,-166.21533,159.588387,0.018204,0.023993,6/28/2017,9:21:05 PM,tr47 bm5 cr
bm5_ll,Target BM5,lobe,bm5_ll_2018,bm_5_bl,bm5_ll,442647.1117,7206678.017,154.280961,0.024017,0.059846,7/11/2018,5:31:55 PM,bm5_ll,Points,0,442647.112,7206677.993,154.219844,154.219844,1.134099,-2.901005,159.185347,159.185347,64.979113,-166.21533,159.185433,159.185433,0.008415,0.008099,8/11/2019,3:05:43 PM,442647.1116,7206678.028,154.475547,64.979113,-166.21533,159.441136,0.014887,0.019639,6/28/2017,9:22:49 PM,tr47 bm5 ll
bm5_lr,Target BM5,lobe,bm5_lr_2018,bm_5_br,bm5_lr,442647.3454,7206678.427,154.197836,0.027138,0.043494,7/11/2018,5:38:46 PM,bm5_lr,Points,0,442647.351,7206678.423,154.161757,154.161757,1.1341,-2.901005,159.127257,159.127257,64.979117,-166.215325,159.127343,159.127343,0.008617,0.008298,8/11/2019,3:04:42 PM,442647.3239,7206678.46,154.433452,64.979117,-166.215326,159.399037,0.01462,0.01922,6/28/2017,9:22:23 PM,tr47 bm5 lr
bm5_ul,Target BM5,lobe,bm5_ul_2018,bm_5_tl,bm5_ul,442646.8493,7206678.19,154.344142,0.022873,0.054581,7/11/2018,5:29:07 PM,bm5_ul,Points,0,442646.8633,7206678.152,154.22614,154.22614,1.134099,-2.901005,159.191641,159.191641,64.979114,-166.215335,159.191727,159.191727,0.008838,0.008554,8/11/2019,3:01:36 PM,442646.8201,7206678.173,154.506733,64.979115,-166.215336,159.47232,0.017523,0.023122,6/28/2017,9:21:46 PM,tr47 bm5 ul
bm5_ur,Target BM5,lobe,bm5_ur_2018,bm_5_tr,bm5_ur,442647.0523,7206678.528,154.271576,0.022075,0.055535,7/11/2018,5:30:23 PM,bm5_ur,Points,0,442647.0548,7206678.557,154.158538,154.158538,1.1341,-2.901005,159.124036,159.124036,64.979118,-166.215331,159.124122,159.124122,0.008715,0.008423,8/11/2019,3:03:09 PM,442647.0178,7206678.614,154.434387,64.979119,-166.215332,159.39997,0.015554,0.020538,6/28/2017,9:22:04 PM,tr47 bm5 ur
bm4_ll,Target BM4,lobe,bm4_ll_2018,fglb5_ctrl_bl,bm4_ll,442742.029,7206643.469,125.80675,0.014884,0.017894,7/12/2018,3:56:10 PM,bm4_ll,Points,0,442742.0248,7206643.46,125.710682,125.710682,1.134094,-2.900969,130.676783,130.676783,64.97882,-166.213305,130.676869,130.676869,0.005177,0.006366,8/11/2019,4:17:38 PM,442741.9948,7206643.516,125.89833,64.97882,-166.213306,130.864517,0.018894,0.025772,6/28/2017,9:54:52 PM,tr47 bm4 ll
bm4_lr,Target BM4,lobe,bm4_lr_2018,fglb5_ctrl_br,bm4_lr,442742.2631,7206643.908,125.823681,0.015005,0.018127,7/12/2018,3:55:41 PM,bm4_lr,Points,0,442742.2741,7206643.886,125.724808,125.724808,1.134094,-2.900969,130.690905,130.690905,64.978823,-166.2133,130.690991,130.690991,0.005201,0.006423,8/11/2019,4:16:37 PM,442742.2202,7206643.944,125.932558,64.978824,-166.213301,130.89874,0.018446,0.025139,6/28/2017,9:54:28 PM,tr47 bm4 lr
bm4_ul,Target BM4,lobe,bm4_ul_2018,fglb5_ctrl_tl,bm4_ul,442741.7094,7206643.619,125.797738,0.015354,0.018552,7/12/2018,3:54:40 PM,bm4_ul,Points,0,442741.7413,7206643.663,125.702464,125.702464,1.134094,-2.90097,130.668562,130.668562,64.978821,-166.213311,130.668648,130.668648,0.005313,0.006547,8/11/2019,4:14:08 PM,442741.7423,7206643.688,125.896663,64.978822,-166.213311,130.862847,0.017428,0.023697,6/28/2017,9:53:48 PM,tr47 bm4 ul
bm4_ur,Target BM4,lobe,bm4_ur_2018,fglb5_ctrl_tr,bm4_ur,442741.9618,7206644.043,125.826475,0.015027,0.018127,7/12/2018,3:55:11 PM,bm4_ur,Points,0,442741.9942,7206644.067,125.717215,125.717215,1.134094,-2.900969,130.683309,130.683309,64.978825,-166.213306,130.683395,130.683395,0.005283,0.006496,8/11/2019,4:15:25 PM,442741.9619,7206644.102,125.921701,64.978825,-166.213307,130.887881,0.017628,0.024004,6/28/2017,9:54:10 PM,tr47 bm4 ur
fglb5b_ll,Target 5B,lobe,fglb5b_ll_2018,fglb5_base_bl,fglb5base_ll,442723.5825,7206654.809,130.755791,0.016006,0.019754,7/12/2018,3:50:35 PM,fglb5b_ll,Points,0,442723.6471,7206654.806,130.572721,130.572721,1.134096,-2.900976,135.538656,135.538656,64.978918,-166.213699,135.538742,135.538742,0.005001,0.006146,8/11/2019,4:09:52 PM,442723.5186,7206654.831,130.84202,64.978918,-166.213702,135.80804,0.014867,0.019895,6/28/2017,9:52:23 PM,tr47 fglb5b ll
fglb5b_lr,Target 5B,lobe,fglb5b_lr_2018,fglb5_base_br,fglb5base_lr,442723.7724,7206655.224,130.672926,0.015844,0.01951,7/12/2018,3:51:04 PM,fglb5b_lr,Points,0,442723.8493,7206655.212,130.445151,130.445151,1.134096,-2.900976,135.411082,135.411082,64.978922,-166.213695,135.411168,135.411168,0.005077,0.006211,8/11/2019,4:08:56 PM,442723.7016,7206655.27,130.761356,64.978922,-166.213698,135.727371,0.014627,0.019569,6/28/2017,9:52:08 PM,tr47 fglb5b lr
fglb5b_ul,Target 5B,lobe,fglb5b_ul_2018,fglb5_base_tl,fglb5base_ul,442723.2791,7206654.953,130.81108,0.017271,0.021467,7/12/2018,3:49:37 PM,fglb5b_ul,Points,0,442723.3595,7206654.955,130.609877,130.609877,1.134096,-2.900976,135.575809,135.575809,64.97892,-166.213705,135.575895,135.575895,0.005198,0.006319,8/11/2019,4:06:06 PM,442723.2127,7206654.943,130.908801,64.978919,-166.213708,135.874819,0.018659,0.024929,6/28/2017,9:51:34 PM,tr47 fglb5b ul
fglb5b_ur,Target 5B,lobe,fglb5b_ur_2018,fglb5_base_tr,fglb5base_ur,442723.4712,7206655.372,130.734375,0.016454,0.020349,7/12/2018,3:50:06 PM,fglb5b_ur,Points,0,442723.5589,7206655.358,130.493496,130.493496,1.134096,-2.900976,135.459424,135.459424,64.978923,-166.213701,135.45951,135.45951,0.005219,0.006376,8/11/2019,4:08:00 PM,442723.4187,7206655.426,130.824318,64.978924,-166.213704,135.790331,0.015686,0.020972,6/28/2017,9:51:49 PM,tr47 fglb5b ur
fglb5bk_ll,Target 5BK,lobe,fglb5b_ll_2018,fglb5_back_bl,fglb5b_ll,442692.4886,7206664.992,139.304712,0.024896,0.032368,7/12/2018,3:43:00 PM,fglb5bk_ll,Points,0,442692.5711,7206664.96,139.128461,139.128461,1.134098,-2.900988,144.094212,144.094212,64.979004,-166.214362,144.094298,144.094298,0.007113,0.007865,8/11/2019,3:40:41 PM,442692.3919,7206665.021,139.418707,64.979005,-166.214365,144.384542,0.019329,0.024976,6/28/2017,10:02:16 PM,tr47 fglb5bk ll
fglb5bk_lr,Target 5BK,lobe,fglb5b_lr_2018,fglb5_back_br,fglb5b_lr,442692.5388,7206665.475,139.269985,0.02519,0.033725,7/12/2018,3:42:29 PM,fglb5bk_lr,Points,0,442692.643,7206665.439,139.100515,139.100515,1.134098,-2.900988,144.06626,144.06626,64.979008,-166.21436,144.066346,144.066346,0.007091,0.007951,8/11/2019,3:42:05 PM,442692.4669,7206665.49,139.382476,64.979009,-166.214364,144.348307,0.017526,0.023825,6/28/2017,10:01:59 PM,tr47 fglb5bk lr
fglb5bk_ul,Target 5BK,lobe,fglb5b_ul_2018,fglb5_back_tl,fglb5b_ul,442692.1581,7206665.017,139.331817,0.03733,0.049831,7/12/2018,3:41:32 PM,fglb5bk_ul,Points,0,442692.2665,7206665.025,139.145759,139.145759,1.134098,-2.900988,144.111508,144.111508,64.979005,-166.214368,144.111594,144.111594,0.006944,0.007899,8/11/2019,3:44:41 PM,442692.0733,7206665.072,139.447613,64.979005,-166.214372,144.413447,0.016843,0.022179,6/28/2017,10:01:22 PM,tr47 fglb5bk ul
fglb5bk_ur,Target 5BK,lobe,fglb5b_ur_2018,fglb5_back_tr,fglb5b_ur,442692.2209,7206665.511,139.377138,0.02805,0.037503,7/12/2018,3:42:00 PM,fglb5bk_ur,Points,0,442692.3326,7206665.487,139.208949,139.208949,1.134098,-2.900988,144.174693,144.174693,64.979009,-166.214367,144.174779,144.174779,0.007023,0.007936,8/11/2019,3:43:24 PM,442692.1263,7206665.548,139.487161,64.979009,-166.214371,144.45299,0.0171,0.023227,6/28/2017,10:01:42 PM,tr47 fglb5bk ur
fglb6l_ll,Target 6L,lobe,fglb6l_ll_2018,fglb6_left_bl,fglb6l_ll,442682.2154,7206653.008,141.377984,0.025602,0.036813,7/12/2018,3:30:17 PM,fglb6l_ll,Points,0,442682.2441,7206652.993,141.334342,141.334342,1.134096,-2.900992,146.300193,146.300193,64.978895,-166.214576,146.300279,146.300279,0.00815,0.007975,8/11/2019,3:14:21 PM,442682.1855,7206653.048,141.437004,64.978895,-166.214577,146.402941,0.013937,0.01871,6/28/2017,9:45:16 PM,tr47 fglb6l ll
fglb6l_lr,Target 6L,lobe,fglb6l_lr_2018,fglb6_left_br,fglb6l_lr,442682.3666,7206653.465,141.401484,0.024999,0.035505,7/12/2018,3:29:29 PM,fglb6l_lr,Points,0,442682.4147,7206653.434,141.347102,141.347102,1.134096,-2.900992,146.312949,146.312949,64.978899,-166.214572,146.313035,146.313035,0.008305,0.008102,8/11/2019,3:13:11 PM,442682.3383,7206653.531,141.473183,64.9789,-166.214574,146.439115,0.014299,0.019207,6/28/2017,9:45:34 PM,tr47 fglb6l lr
fglb6l_ul,Target 6L,lobe,fglb6l_ul_2018,fglb6_left_tl,fglb6l_ul,442681.9288,7206653.099,141.481745,0.027772,0.039996,7/12/2018,3:30:45 PM,fglb6l_ul,Points,0,442681.9091,7206653.129,141.441621,141.441621,1.134096,-2.900992,146.40747,146.40747,64.978896,-166.214583,146.407556,146.407556,0.008455,0.008232,8/11/2019,3:10:01 PM,442681.8845,7206653.146,141.551064,64.978896,-166.214583,146.516999,0.013956,0.018329,6/28/2017,9:44:58 PM,tr47 fglb6l ul
fglb6l_ur,Target 6L,lobe,fglb6l_ur_2018,fglb6_left_tr,fglb6l_ur,442682.0576,7206653.569,141.470451,0.025223,0.034963,7/12/2018,3:28:48 PM,fglb6l_ur,Points,0,442682.0759,7206653.549,141.401702,141.401702,1.134096,-2.900992,146.367548,146.367548,64.9789,-166.214579,146.367634,146.367634,0.008312,0.008091,8/11/2019,3:11:22 PM,442682.0542,7206653.62,141.532765,64.9789,-166.21458,146.498695,0.013706,0.018005,6/28/2017,9:44:39 PM,tr47 fglb6l ur
fglb6f_ll,Target 6F,lobe,fglb6f_ll_2018,fglb6_front_bl,fglb6f_ll,442689.3907,7206644.447,138.829744,0.035727,0.049766,7/12/2018,3:33:27 PM,fglb6f_ll,Points,0,442689.5108,7206644.386,138.717292,138.717292,1.134094,-2.900989,143.683252,143.683252,64.978819,-166.214418,143.683338,143.683338,0.007905,0.008253,8/11/2019,3:27:35 PM,442689.3194,7206644.499,138.906054,64.97882,-166.214422,143.872098,0.015891,0.021036,6/28/2017,9:42:39 PM,tr47 fglb6f ll
fglb6f_lr,Target 6F,lobe,fglb6f_lr_2018,fglb6_front_br,fglb6f_lr,442689.526,7206644.918,138.786686,0.030265,0.042267,7/12/2018,3:32:57 PM,fglb6f_lr,Points,0,442689.6581,7206644.859,138.661664,138.661664,1.134094,-2.900989,143.627619,143.627619,64.978823,-166.214415,143.627705,143.627705,0.00799,0.008243,8/11/2019,3:26:34 PM,442689.4597,7206645.001,138.888506,64.978824,-166.214419,143.854546,0.016686,0.022098,6/28/2017,9:42:25 PM,tr47 fglb6f lr
fglb6f_ul,Target 6F,lobe,fglb6f_ul_2018,fglb6_front_tl,fglb6f_ul,442689.07,7206644.551,138.880903,0.028571,0.039604,7/12/2018,3:31:36 PM,fglb6f_ul,Points,0,442689.2003,7206644.502,138.794043,138.794043,1.134094,-2.900989,143.760001,143.760001,64.97882,-166.214425,143.760087,143.760087,0.008178,0.008309,8/11/2019,3:24:24 PM,442689.0189,7206644.63,138.967701,64.978821,-166.214429,143.933743,0.016676,0.022103,6/28/2017,9:41:51 PM,tr47 fglb6f ul
fglb6f_ur,Target 6F,lobe,fglb6f_ur_2018,fglb6_front_tr,fglb6f_ur,442689.1964,7206645.006,138.813441,0.028172,0.039374,7/12/2018,3:32:05 PM,fglb6f_ur,Points,0,442689.3319,7206644.971,138.720672,138.720672,1.134094,-2.900989,143.686626,143.686626,64.978824,-166.214422,143.686712,143.686712,0.00804,0.008273,8/11/2019,3:25:24 PM,442689.1287,7206645.08,138.923045,64.978825,-166.214426,143.889083,0.016481,0.021837,6/28/2017,9:42:06 PM,tr47 fglb6f ur
fglb6r_ll,Target 6R,lobe,fglb6r_ll_2018,fglb6_right_bl,fglb6r_ll,442681.4105,7206641.427,140.873449,0.022098,0.029837,7/12/2018,3:27:46 PM,fglb6r_ll,Points,0,442681.4324,7206641.413,140.825713,140.825713,1.134094,-2.900992,145.791684,145.791684,64.978791,-166.214588,145.79177,145.79177,0.008187,0.008126,8/11/2019,3:20:38 PM,442681.3567,7206641.475,140.934466,64.978791,-166.21459,145.900523,0.013681,0.017977,6/28/2017,9:44:07 PM,tr47 fglb6r ll
fglb6r_lr,Target 6R,lobe,fglb6r_lr_2018,fglb6_right_br,fglb6r_lr,442681.5036,7206641.894,140.876599,0.022025,0.030132,7/12/2018,3:26:41 PM,fglb6r_lr,Points,0,442681.5464,7206641.857,140.801027,140.801027,1.134094,-2.900992,145.766994,145.766994,64.978795,-166.214586,145.76708,145.76708,0.008227,0.008226,8/11/2019,3:21:48 PM,442681.452,7206641.969,140.943582,64.978796,-166.214588,145.909633,0.014595,0.019182,6/28/2017,9:43:49 PM,tr47 fglb6r lr
fglb6r_ul,Target 6R,lobe,fglb6r_ul_2018,fglb6_right_tl,fglb6r_ul,442681.0751,7206641.514,141.003351,0.024257,0.036381,7/11/2018,5:42:45 PM,fglb6r_ul,Points,0,442681.1206,7206641.506,140.92227,140.92227,1.134094,-2.900992,145.888239,145.888239,64.978792,-166.214595,145.888325,145.888325,0.007967,0.007904,8/11/2019,3:19:28 PM,442681.052,7206641.537,141.04832,64.978792,-166.214596,146.014375,0.014721,0.019364,6/28/2017,9:43:21 PM,tr47 fglb6r ul
fglb6r_ul,Target 6R,lobe,fglb6r_ul_2018,fglb6_right_tl,fglb6r_ul,442681.0751,7206641.514,141.003351,0.024257,0.036381,7/11/2018,5:42:45 PM,fglb6r_ul,Points,0,442681.1206,7206641.506,140.92227,140.92227,1.134094,-2.900992,145.888239,145.888239,64.978792,-166.214595,145.888325,145.888325,0.007967,0.007904,8/11/2019,3:19:28 PM,442681.052,7206641.537,141.04832,64.978792,-166.214596,146.014375,0.014721,0.019364,6/28/2017,9:43:21 PM,tr47 fglb6r ul
fglb6r_ul,Target 6R,lobe,fglb6r_ul_2018,fglb6_right_tl,fglb6r_ul,442681.0791,7206641.503,141.005693,0.024202,0.032886,7/12/2018,3:24:59 PM,fglb6r_ul,Points,0,442681.1206,7206641.506,140.92227,140.92227,1.134094,-2.900992,145.888239,145.888239,64.978792,-166.214595,145.888325,145.888325,0.007967,0.007904,8/11/2019,3:19:28 PM,442681.052,7206641.537,141.04832,64.978792,-166.214596,146.014375,0.014721,0.019364,6/28/2017,9:43:21 PM,tr47 fglb6r ul
fglb6r_ul,Target 6R,lobe,fglb6r_ul_2018,fglb6_right_tl,fglb6r_ul,442681.0791,7206641.503,141.005693,0.024202,0.032886,7/12/2018,3:24:59 PM,fglb6r_ul,Points,0,442681.1206,7206641.506,140.92227,140.92227,1.134094,-2.900992,145.888239,145.888239,64.978792,-166.214595,145.888325,145.888325,0.007967,0.007904,8/11/2019,3:19:28 PM,442681.052,7206641.537,141.04832,64.978792,-166.214596,146.014375,0.014721,0.019364,6/28/2017,9:43:21 PM,tr47 fglb6r ul
fglb6r_ur,Target 6R,lobe,fglb6r_ur_2018,fglb6_right_tr,fglb6r_ur,442681.1977,7206641.958,140.988101,0.024885,0.037805,7/11/2018,5:41:35 PM,fglb6r_ur,Points,0,442681.236,7206641.968,140.890299,140.890299,1.134094,-2.900992,145.856263,145.856263,64.978796,-166.214592,145.856349,145.856349,0.00806,0.008002,8/11/2019,3:18:17 PM,442681.1159,7206642.025,141.010565,64.978796,-166.214595,145.976615,0.013691,0.017998,6/28/2017,9:43:35 PM,tr47 fglb6r ur
fglb6r_ur,Target 6R,lobe,fglb6r_ur_2018,fglb6_right_tr,fglb6r_ur,442681.1977,7206641.958,140.988101,0.024885,0.037805,7/11/2018,5:41:35 PM,fglb6r_ur,Points,0,442681.236,7206641.968,140.890299,140.890299,1.134094,-2.900992,145.856263,145.856263,64.978796,-166.214592,145.856349,145.856349,0.00806,0.008002,8/11/2019,3:18:17 PM,442681.1159,7206642.025,141.010565,64.978796,-166.214595,145.976615,0.013691,0.017998,6/28/2017,9:43:35 PM,tr47 fglb6r ur
fglb6r_ur,Target 6R,lobe,fglb6r_ur_2018,fglb6_right_tr,fglb6r_ur,442681.178,7206641.953,140.957661,0.022296,0.030483,7/12/2018,3:25:53 PM,fglb6r_ur,Points,0,442681.236,7206641.968,140.890299,140.890299,1.134094,-2.900992,145.856263,145.856263,64.978796,-166.214592,145.856349,145.856349,0.00806,0.008002,8/11/2019,3:18:17 PM,442681.1159,7206642.025,141.010565,64.978796,-166.214595,145.976615,0.013691,0.017998,6/28/2017,9:43:35 PM,tr47 fglb6r ur
fglb6r_ur,Target 6R,lobe,fglb6r_ur_2018,fglb6_right_tr,fglb6r_ur,442681.178,7206641.953,140.957661,0.022296,0.030483,7/12/2018,3:25:53 PM,fglb6r_ur,Points,0,442681.236,7206641.968,140.890299,140.890299,1.134094,-2.900992,145.856263,145.856263,64.978796,-166.214592,145.856349,145.856349,0.00806,0.008002,8/11/2019,3:18:17 PM,442681.1159,7206642.025,141.010565,64.978796,-166.214595,145.976615,0.013691,0.017998,6/28/2017,9:43:35 PM,tr47 fglb6r ur
fglb5r_ll,Target 5R,lobe,fglb5r_ll_2018,fglb5_right_bl,fglb5r_ll,442696.8934,7206649.843,137.101964,0.040679,0.054862,7/12/2018,3:39:49 PM,fglb5r_ll,Points,0,442696.9244,7206649.889,137.034128,137.034128,1.134095,-2.900986,142.000049,142.000049,64.97887,-166.214263,142.000135,142.000135,0.007405,0.008156,8/11/2019,3:34:33 PM,442696.7855,7206650.014,137.201241,64.978871,-166.214266,142.167246,0.020133,0.026902,6/28/2017,9:36:44 PM,tr47 fglb5r ll
fglb5r_lr,Target 5R,lobe,fglb5r_lr_2018,fglb5_right_br,fglb5r_lr,442696.9617,7206650.406,137.180928,0.036176,0.050963,7/12/2018,3:35:25 PM,fglb5r_lr,Points,0,442697.0167,7206650.358,137.118394,137.118394,1.134095,-2.900986,142.08431,142.08431,64.978874,-166.214262,142.084396,142.084396,0.008027,0.009201,8/11/2019,3:32:17 PM,442696.8768,7206650.478,137.267873,64.978875,-166.214265,142.233873,0.019737,0.026358,6/28/2017,9:36:24 PM,tr47 fglb5r lr
fglb5r_ul,Target 5R,lobe,fglb5r_ul_2018,fglb5_right_tl,fglb5r_ul,442696.5402,7206650,137.192225,0.035382,0.049923,7/12/2018,3:34:12 PM,fglb5r_ul,Points,0,442696.6263,7206649.971,137.134946,137.134946,1.134095,-2.900986,142.100865,142.100865,64.97887,-166.21427,142.100951,142.100951,0.007551,0.008538,8/11/2019,3:33:26 PM,442696.5034,7206650.075,137.460661,64.978871,-166.214272,142.426664,0.013108,0.017344,6/28/2017,9:34:33 PM,tr47 fglb5r ul
fglb5r_ur,Target 5R,lobe,fglb5r_ur_2018,fglb5_right_tr,fglb5r_ur,442696.6387,7206650.468,137.196959,0.039631,0.05589,7/12/2018,3:34:41 PM,fglb5r_ur,Points,0,442696.6904,7206650.41,137.132691,137.132691,1.134095,-2.900986,142.098606,142.098606,64.978874,-166.214268,142.098692,142.098692,0.007853,0.008728,8/11/2019,3:30:52 PM,442696.5558,7206650.535,137.280773,64.978875,-166.214271,142.246772,0.017822,0.023709,6/28/2017,9:35:57 PM,tr47 fglb5r ur
fglb5l_ll,Target 5L,lobe,fglb5l_ll_2018,fglb5_side_bl,fglb5l_ll,442702.5358,7206670.647,137.876136,0.023965,0.030518,7/12/2018,3:45:00 PM,fglb5l_ll,Points,0,442702.6227,7206670.59,137.732734,137.732734,1.134098,-2.900984,142.698449,142.698449,64.979056,-166.214151,142.698535,142.698535,0.00556,0.006603,8/11/2019,3:52:18 PM,442702.4153,7206670.71,137.969064,64.979057,-166.214155,142.934863,0.014501,0.019434,6/28/2017,9:48:44 PM,tr47 fglb5l ll
fglb5l_lr,Target 5L,lobe,fglb5l_lr_2018,fglb5_side_br,fglb5l_lr,442702.7336,7206671.075,137.897844,0.021505,0.027237,7/12/2018,3:45:53 PM,fglb5l_lr,Points,0,442702.8666,7206671.032,137.75274,137.75274,1.134099,-2.900984,142.718451,142.718451,64.97906,-166.214146,142.718537,142.718537,0.005654,0.00667,8/11/2019,3:51:18 PM,442702.6639,7206671.114,138.001163,64.979061,-166.21415,142.966958,0.014547,0.019512,6/28/2017,9:49:06 PM,tr47 fglb5l lr
fglb5l_ul,Target 5L,lobe,fglb5l_ul_2018,fglb5_side_tl,fglb5l_ul,442702.2353,7206670.787,137.990163,0.019999,0.025462,7/12/2018,3:44:28 PM,fglb5l_ul,Points,0,442702.3619,7206670.745,137.814542,137.814542,1.134098,-2.900984,142.780255,142.780255,64.979058,-166.214157,142.780341,142.780341,0.006232,0.00724,8/11/2019,3:49:16 PM,442702.1415,7206670.864,138.058575,64.979059,-166.214161,143.024372,0.014441,0.019336,6/28/2017,9:48:27 PM,tr47 fglb5l ul
fglb5l_ur,Target 5L,lobe,fglb5l_ur_2018,fglb5_side_tr,fglb5l_ur,442702.4461,7206671.211,137.995769,0.021199,0.026936,7/12/2018,3:43:54 PM,fglb5l_ur,Points,0,442702.5692,7206671.168,137.847646,137.847646,1.134099,-2.900984,142.813355,142.813355,64.979061,-166.214152,142.813441,142.813441,0.005878,0.006889,8/11/2019,3:50:22 PM,442702.3657,7206671.274,138.090978,64.979062,-166.214157,143.056771,0.014977,0.020232,6/28/2017,9:48:09 PM,tr47 fglb5l ur
fglb5t_ll,Target 5T,lobe,fglb5t_ll_2018,fglb5_top_bl,fglb5t_ll,442711.406,7206660.702,135.056856,0.017591,0.022056,7/12/2018,3:47:57 PM,fglb5t_ll,Points,0,442711.6135,7206660.653,134.90559,134.90559,1.134097,-2.900981,139.871433,139.871433,64.978969,-166.213956,139.871519,139.871519,0.005281,0.00633,8/11/2019,4:01:31 PM,442711.2623,7206660.792,135.170219,64.97897,-166.213964,140.136145,0.014587,0.019509,6/28/2017,9:50:45 PM,tr47 fglb5t ll
fglb5t_lr,Target 5T,lobe,fglb5t_lr_2018,fglb5_top_br,fglb5t_lr,442711.4773,7206661.168,135.05215,0.017024,0.021311,7/12/2018,3:48:27 PM,fglb5t_lr,Points,0,442711.686,7206661.1,134.920925,134.920925,1.134097,-2.900981,139.886763,139.886763,64.978973,-166.213955,139.886849,139.886849,0.005085,0.006077,8/11/2019,4:02:31 PM,442711.3495,7206661.274,135.168578,64.978974,-166.213962,140.134499,0.014604,0.019512,6/28/2017,9:50:29 PM,tr47 fglb5t lr
fglb5t_ul,Target 5T,lobe,fglb5t_ul_2018,fglb5_top_tl,fglb5t_ul,442711.0755,7206660.751,135.109122,0.017976,0.022572,7/12/2018,3:47:22 PM,fglb5t_ul,Points,0,442711.312,7206660.71,134.94156,134.94156,1.134097,-2.900981,139.907401,139.907401,64.978969,-166.213963,139.907487,139.907487,0.00557,0.00652,8/11/2019,3:56:49 PM,442710.9361,7206660.843,135.224008,64.97897,-166.213971,140.189933,0.01463,0.019469,6/28/2017,9:49:52 PM,tr47 fglb5t ul
fglb5t_ur,Target 5T,lobe,fglb5t_ur_2018,fglb5_top_tr,fglb5t_ur,442711.1328,7206661.232,135.10042,0.018602,0.023382,7/12/2018,3:46:54 PM,fglb5t_ur,Points,0,442711.3765,7206661.158,134.960288,134.960288,1.134097,-2.900981,139.926125,139.926125,64.978973,-166.213962,139.926211,139.926211,0.005358,0.006397,8/11/2019,4:00:28 PM,442711.021,7206661.33,135.226339,64.978975,-166.213969,140.192259,0.014445,0.019263,6/28/2017,9:50:10 PM,tr47 fglb5t ur
fglb2b_ll,Target 2B,lobe,fglb2b_ll_2018,fglb2_back_bl,fglb2b_ll,443003.5397,7206679.18,121.595242,0.012989,0.015262,7/12/2018,1:42:57 PM,fglb2b_ll,Points,0,443003.5671,7206679.186,121.608067,121.608067,1.134101,-2.900873,126.573998,126.573998,64.979185,-166.207779,126.574084,126.574084,0.005245,0.006386,8/10/2019,4:15:49 PM,443003.595,7206679.219,121.64641,64.979185,-166.207778,126.612427,0.015796,0.02071,6/28/2017,7:58:27 PM,tr47 fglb2b ll
fglb2b_lr,Target 2B,lobe,fglb2b_lr_2018,fglb2_back_br,fglb2b_lr,443004.1872,7206679.283,121.640767,0.013484,0.015821,7/12/2018,1:42:09 PM,fglb2b_lr,Points,0,443004.1691,7206679.227,121.669766,121.669766,1.134101,-2.900873,126.635699,126.635699,64.979186,-166.207766,126.635785,126.635785,0.00554,0.006741,8/10/2019,4:14:47 PM,443004.2021,7206679.334,121.71573,64.979186,-166.207766,126.681748,0.01579,0.020717,6/28/2017,7:58:03 PM,tr47 fglb2b lr
fglb2b_ul,Target 2B,lobe,fglb2b_ul_2018,lfglb2_back_tl,fglb2b_ul,443003.4847,7206679.644,121.628076,0.013074,0.015391,7/12/2018,1:43:55 PM,fglb2b_ul,Points,0,443003.5111,7206679.622,121.635088,121.635088,1.134101,-2.900873,126.601014,126.601014,64.979189,-166.20778,126.6011,126.6011,0.005217,0.00637,8/10/2019,4:16:49 PM,443003.496,7206679.69,121.680328,64.97919,-166.207781,126.646339,0.015818,0.020827,6/28/2017,7:57:02 PM,tr47 fglb2b ul
fglb2b_ur,Target 2B,lobe,fglb2b_ur_2018,fglb2_back_tr,fglb2b_ur,443004.1084,7206679.747,121.665089,0.012696,0.014975,7/12/2018,1:44:37 PM,fglb2b_ur,Points,0,443004.1293,7206679.709,121.674777,121.674777,1.134101,-2.900873,126.640704,126.640704,64.97919,-166.207767,126.64079,126.64079,0.005497,0.006651,8/10/2019,4:09:51 PM,443004.1143,7206679.82,121.724783,64.979191,-166.207768,126.690794,0.015506,0.020372,6/28/2017,7:57:30 PM,tr47 fglb2b ur
fglb2f_ll,Target 2F,lobe,fglb2f_ll_2018,fglb2_front_bl,fglb2f_ll,443004.0642,7206655.021,115.847531,0.011721,0.013928,7/12/2018,1:39:33 PM,fglb2f_ll,Points,0,443004.0789,7206655.033,115.872787,115.872787,1.134097,-2.900873,120.839009,120.839009,64.978968,-166.207758,120.839095,120.839095,0.005681,0.006766,8/10/2019,4:03:18 PM,443004.0734,7206655.101,115.8855,64.978969,-166.207759,120.851807,0.017226,0.027065,6/28/2017,7:35:16 PM,tr47 fglb2f ll
fglb2f_lr,Target 2F,lobe,fglb2f_lr_2018,fglb2_front_br,fglb2f_lr,443004.675,7206655.201,115.780994,0.011886,0.014114,7/12/2018,1:38:54 PM,fglb2f_lr,Points,0,443004.6745,7206655.237,115.785654,115.785654,1.134097,-2.900872,120.751875,120.751875,64.97897,-166.207746,120.751961,120.751961,0.005634,0.00679,8/10/2019,4:05:15 PM,443004.6583,7206655.265,115.8722,64.978971,-166.207746,120.838506,0.017284,0.027272,6/28/2017,7:34:22 PM,tr47 fglb2f lr
fglb2f_ul,Target 2F,lobe,fglb2f_ul_2018,fglb2_front_tl,fglb2f_ul,443003.9534,7206655.484,116.001998,0.012116,0.014373,7/12/2018,1:36:46 PM,fglb2f_ul,Points,0,443003.9619,7206655.491,115.980116,115.980116,1.134097,-2.900873,120.946333,120.946333,64.978973,-166.207761,120.946419,120.946419,0.005774,0.006786,8/10/2019,4:01:26 PM,443003.9641,7206655.536,116.040317,64.978973,-166.207761,121.006619,0.017503,0.030465,6/28/2017,7:33:18 PM,tr47 fglb2f ul
bm2_cl,Target BM2,lobe,bm2_cl_2018,fglb_bm1_cl,bm2_rl,443032.4654,7206635.628,108.912798,0.012036,0.014227,7/12/2018,4:15:18 PM,bm2_cl,Points,0.18415,443032.5297,7206635.609,108.875116,108.690966,1.134094,-2.900862,113.841652,113.657502,64.978799,-166.207148,113.841738,113.657588,0.005943,0.006638,8/10/2019,3:52:09 PM,443032.5154,7206635.705,109.184019,64.9788,-166.207148,114.150639,0.015851,0.027013,6/28/2017,7:27:23 PM,tr47 bm2 cl
bm2_cr,Target BM2,lobe,bm2_cr_2018,fglb_bm1_cr,bm2_rr,443032.8418,7206635.676,108.989132,0.011913,0.014104,7/12/2018,4:14:48 PM,bm2_cr,Points,0.254,443032.9544,7206635.631,108.987038,108.733038,1.134094,-2.900862,113.953574,113.699574,64.978799,-166.207139,113.95366,113.69966,0.006078,0.006746,8/10/2019,3:50:55 PM,443032.8487,7206635.79,109.191073,64.978801,-166.207141,114.157693,0.01584,0.02692,6/28/2017,7:27:42 PM,tr47 bm2 cr
bm2_ll,Target BM2,lobe,bm2_ll_2018,fglb_bm1_bl,bm2_ll,443032.3986,7206635.366,108.563362,0.012123,0.01437,7/12/2018,4:13:48 PM,bm2_ll,Points,0,443032.4655,7206635.351,108.490272,108.490272,1.134094,-2.900862,113.45681,113.45681,64.978797,-166.207149,113.456896,113.456896,0.006376,0.007195,8/10/2019,3:48:09 PM,443032.4114,7206635.434,108.901701,64.978798,-166.20715,113.868324,0.016174,0.027636,6/28/2017,7:26:54 PM,tr47 bm2 ll
bm2_lr,Target BM2,lobe,bm2_lr_2018,fglb_bm1_br,bm2_lr,443033.0186,7206635.516,108.615573,0.011934,0.014116,7/12/2018,4:14:17 PM,bm2_lr,Points,0,443033.0732,7206635.459,108.487321,108.487321,1.134094,-2.900862,113.45386,113.45386,64.978798,-166.207136,113.453946,113.453946,0.006214,0.007069,8/10/2019,3:49:33 PM,443033.0182,7206635.623,108.947319,64.978799,-166.207138,113.913942,0.015764,0.027,6/28/2017,7:26:35 PM,tr47 bm2 lr
bm2_ul,Target BM2,lobe,bm2_ul_2018,fglb_bm1_tl,bm2_ul,443032.289,7206635.832,108.593072,0.012384,0.014743,7/12/2018,4:12:58 PM,bm2_ul,Points,0,443032.3664,7206635.785,108.526102,108.526102,1.134094,-2.900862,113.492635,113.492635,64.978801,-166.207151,113.492721,113.492721,0.006488,0.007215,8/10/2019,3:47:05 PM,443032.2974,7206635.874,108.94145,64.978801,-166.207153,113.908068,0.016481,0.028581,6/28/2017,7:25:33 PM,tr47 bm2 tl
bm2_ur,Target BM2,lobe,bm2_ur_2018,fglb_bm1_tr,bm2_ur,443032.894,7206635.97,108.731343,0.013144,0.015702,7/12/2018,4:12:17 PM,bm2_ur,Points,0,443032.9877,7206635.861,108.607976,108.607976,1.134094,-2.900862,113.57451,113.57451,64.978801,-166.207138,113.574596,113.574596,0.006823,0.007608,8/10/2019,3:46:04 PM,443032.9104,7206636.072,108.991615,64.978803,-166.20714,113.958232,0.016246,0.028059,6/28/2017,7:26:07 PM,tr47 bm2 ur
fglb1b_ll,Target 1B,lobe,fglb1b_ll_2018,fglb1_back_bl,fglb1b_ll,443052.1002,7206593.778,99.958415,0.012592,0.014915,7/12/2018,4:18:01 PM,fglb1b_ll,Points,0,443052.1157,7206593.778,99.827813,99.827813,1.134087,-2.900854,104.794914,104.794914,64.978427,-166.206716,104.795,104.795,0.006295,0.01106,8/10/2019,2:22:38 PM,443052.0746,7206593.847,100.020812,64.978428,-166.206717,104.987998,0.012051,0.014474,6/27/2017,3:32:02 PM,Tr47 fglb1b ll
fglb1b_lr,Target 1B,lobe,fglb1b_lr_2018,fglb1_back_br,fglb1b_lr,443052.5593,7206593.904,99.979596,0.012257,0.01443,7/12/2018,4:18:33 PM,fglb1b_lr,Points,0,443052.5183,7206593.842,99.871366,99.871366,1.134088,-2.900854,104.838468,104.838468,64.978428,-166.206708,104.838554,104.838554,0.006002,0.010456,8/10/2019,2:20:48 PM,443052.5385,7206593.982,100.044453,64.978429,-166.206707,105.011638,0.012082,0.014508,6/27/2017,3:31:40 PM,Tr47 fglb1b lr
fglb1b_ul,Target 1B,lobe,fglb1b_ul_2018,fglb1_back_tl,fglb1b_ul,443051.9336,7206594.394,99.987889,0.013324,0.015719,7/12/2018,4:16:59 PM,fglb1b_ul,Points,0,443051.9871,7206594.297,99.834662,99.834662,1.134088,-2.900854,104.801757,104.801757,64.978432,-166.206719,104.801843,104.801843,0.005676,0.009315,8/10/2019,2:19:29 PM,443051.9522,7206594.453,100.040715,64.978433,-166.20672,105.007893,0.012097,0.014586,6/27/2017,3:30:44 PM,Tr47 fglb1b ul
fglb1b_ur,Target 1B,lobe,fglb1b_ur_2018,fglb1_back_tr,fglb1b_ur,443052.4105,7206594.497,100.019564,0.012922,0.015232,7/12/2018,4:17:28 PM,fglb1b_ur,Points,0,443052.3795,7206594.397,99.858692,99.858692,1.134088,-2.900854,104.825786,104.825786,64.978433,-166.206711,104.825872,104.825872,0.005427,0.008285,8/10/2019,2:18:11 PM,443052.3957,7206594.555,100.07249,64.978434,-166.20671,105.039669,0.012355,0.014643,6/27/2017,3:31:15 PM,Tr47 fglb1b ur
fglb1s_ll,Target 1S,lobe,fglb1s_ll_2018,fglb1_side_bl,fglb1s_ll,443057.4867,7206574.202,96.707587,0.012855,0.015153,7/12/2018,4:20:41 PM,fglb1s_ll,Points,0,443057.4821,7206574.164,96.582437,96.582437,1.134084,-2.900852,101.549793,101.549793,64.978252,-166.206594,101.549879,101.549879,0.005988,0.006872,8/10/2019,2:48:17 PM,443057.4731,7206574.252,96.772763,64.978253,-166.206595,101.740203,0.011945,0.014256,6/27/2017,3:29:00 PM,Tr47 fglb1s ll
fglb1s_lr,Target 1S,lobe,fglb1s_lr_2018,fglb1_side_br,fglb1s_lr,443057.9532,7206574.192,96.655157,0.012806,0.01507,7/12/2018,4:21:14 PM,fglb1s_lr,Points,0,443057.9404,7206574.138,96.546149,96.546149,1.134084,-2.900852,101.513507,101.513507,64.978252,-166.206585,101.513593,101.513593,0.006029,0.0071,8/10/2019,2:47:06 PM,443057.9071,7206574.273,96.707819,64.978253,-166.206585,101.675261,0.011928,0.014239,6/27/2017,3:28:38 PM,Tr47 fglb1s lr
fglb1s_ul,Target 1S,lobe,fglb1s_ul_2018,fglb1_side_tl,fglb1s_ul,443057.5004,7206574.842,96.811436,0.013937,0.016361,7/12/2018,4:19:42 PM,fglb1s_ul,Points,0,443057.4764,7206574.768,96.677325,96.677325,1.134085,-2.900852,101.644673,101.644673,64.978258,-166.206595,101.644759,101.644759,0.006114,0.007265,8/10/2019,2:46:04 PM,443057.456,7206574.892,96.855467,64.978259,-166.206595,101.8229,0.011798,0.014086,6/27/2017,3:27:40 PM,Tr47 fglb1s ul
fglb1s_ur,Target 1S,lobe,fglb1s_ur_2018,fglb1_side_tr,fglb1s_ur,443057.9652,7206574.807,96.802789,0.012922,0.015252,7/12/2018,4:20:12 PM,fglb1s_ur,Points,0,443057.9525,7206574.733,96.709063,96.709063,1.134085,-2.900852,101.676414,101.676414,64.978257,-166.206585,101.6765,101.6765,0.00648,0.008923,8/10/2019,2:38:03 PM,443057.9099,7206574.892,96.85362,64.978259,-166.206586,101.821055,0.0117,0.013974,6/27/2017,3:28:07 PM,Tr47 fglb1s ur
fglb1m_ll,Target 1M,lobe,fglb1m_ll_2018,fglb1_mid_bl,fglb1m_ll,443057.0449,7206554.972,93.227691,0.013735,0.0162,7/12/2018,4:24:39 PM,fglb1m_ll,Points,0,443057.1242,7206554.855,92.999663,92.999663,1.134081,-2.900852,97.967251,97.967251,64.978079,-166.206594,97.967337,97.967337,0.005765,0.005582,8/10/2019,3:15:34 PM,443057.0201,7206555.108,93.253321,64.978081,-166.206597,98.220991,0.011744,0.013974,6/27/2017,3:26:12 PM,Tr47 fglb1m ll
fglb1m_lr,Target 1M,lobe,fglb1m_lr_2018,fglb1_mid_br,fglb1m_lr,443057.6091,7206555.277,93.194656,0.014099,0.016636,7/12/2018,4:24:08 PM,fglb1m_lr,Points,0,443057.6719,7206555.135,92.965538,92.965538,1.134081,-2.900852,97.933125,97.933125,64.978081,-166.206583,97.933211,97.933211,0.005851,0.005675,8/10/2019,3:17:50 PM,443057.5891,7206555.39,93.245678,64.978084,-166.206585,98.213347,0.011721,0.013952,6/27/2017,3:25:43 PM,Tr47 fglb1m lr
fglb1m_ul,Target 1M,lobe,fglb1m_ul_2018,fglb1_mid_tl,fglb1m_ul,443056.8565,7206555.433,93.286633,0.014257,0.016848,7/12/2018,4:23:28 PM,fglb1m_ul,Points,0,443056.9189,7206555.255,93.061534,93.061534,1.134081,-2.900852,98.029116,98.029116,64.978082,-166.206599,98.029202,98.029202,0.005729,0.00555,8/10/2019,3:14:19 PM,443056.7915,7206555.531,93.284831,64.978085,-166.206602,98.252495,0.011624,0.013889,6/27/2017,3:24:45 PM,Tr47 fglb1m ul
fglb1m_ur,Target 1M,lobe,fglb1m_ur_2018,fglb1_mid_tr,fglb1m_ur,443057.4301,7206555.694,93.312311,0.014208,0.016855,7/12/2018,4:22:40 PM,fglb1m_ur,Points,0,443057.469,7206555.545,93.113711,93.113711,1.134082,-2.900852,98.081292,98.081292,64.978085,-166.206587,98.081378,98.081378,0.00583,0.005652,8/10/2019,3:13:14 PM,443057.3541,7206555.806,93.32926,64.978087,-166.20659,98.296923,0.011719,0.01396,6/27/2017,3:25:18 PM,Tr47 fglb1m ur
fglb1f_ll,Target 1F,lobe,fglb1f_ll_2018,fglb1_front_bl,fglb1f_ll,443060.6242,7206546.823,91.634524,0.013603,0.016065,7/12/2018,4:26:41 PM,fglb1f_ll,Points,0,443060.6228,7206546.68,91.390377,91.390377,1.13408,-2.900851,96.358076,96.358076,64.978006,-166.206517,96.358162,96.358162,0.005851,0.005773,8/10/2019,3:27:47 PM,443060.5496,7206546.96,91.754034,64.978009,-166.206518,96.721815,0.011564,0.013769,6/27/2017,3:23:43 PM,Tr47 fglb1f dl
fglb1f_lr,Target 1F,lobe,fglb1f_lr_2018,fglb1_front_br,fglb1f_lr,443061.2237,7206546.746,91.620766,0.013476,0.015916,7/12/2018,4:27:16 PM,fglb1f_lr,Points,0,443061.2312,7206546.595,91.38343,91.38343,1.13408,-2.900851,96.351131,96.351131,64.978005,-166.206504,96.351217,96.351217,0.005957,0.005985,8/10/2019,3:30:06 PM,443061.2204,7206546.831,91.734876,64.978008,-166.206504,96.70266,0.011787,0.014039,6/27/2017,3:23:10 PM,Tr47 fglb1f dr
fglb1f_ul,Target 1F,lobe,fglb1f_ul_2018,fglb1_front_tl,fglb1f_ul,443060.6915,7206547.319,91.732229,0.014059,0.016619,7/12/2018,4:25:35 PM,fglb1f_ul,Points,0,443060.7046,7206547.161,91.489688,91.489688,1.13408,-2.900851,96.457381,96.457381,64.97801,-166.206515,96.457467,96.457467,0.005953,0.005814,8/10/2019,3:26:21 PM,443060.66,7206547.45,91.82844,64.978013,-166.206516,96.796215,0.011762,0.01405,6/27/2017,3:20:50 PM,Tr47 fglb1f ul
fglb1f_ur,Target 1F,lobe,fglb1f_ur_2018,fglb1_front_tr,fglb1f_ur,443061.3118,7206547.203,91.648826,0.013602,0.016074,7/12/2018,4:26:04 PM,fglb1f_ur,Points,0,443061.3246,7206547.04,91.440327,91.440327,1.13408,-2.900851,96.408024,96.408024,64.978009,-166.206502,96.40811,96.40811,0.005799,0.005875,8/10/2019,3:31:07 PM,443061.2837,7206547.334,91.755171,64.978012,-166.206503,96.72295,0.011588,0.013811,6/27/2017,3:22:35 PM,Tr47 fglb1f ur
bm1_cl,Target BM1,lobe,bm1_cl_2018,fglb1_bm0_cl,bm1_rl,443096.464,7206476.601,81.946274,0.011101,0.013425,7/12/2018,4:32:14 PM,bm1_cl,Points,0.295,443096.505,7206476.584,81.971412,81.676412,1.134069,-2.900837,86.940096,86.645096,64.977383,-166.205728,86.940182,86.645182,0.008279,0.008427,8/15/2019,2:35:27 PM,443096.4588,7206476.653,81.873951,64.977384,-166.205729,86.84272,0.013734,0.018271,6/27/2017,2:47:07 PM,Tr47 bm1 l rebar
bm1_cr,Target BM1,lobe,bm1_cr_2018,fglb1_bm0_cr,bm1_rr,443096.8132,7206476.693,81.957874,0.011157,0.013474,7/12/2018,4:31:43 PM,bm1_cr,Points,0.325,443096.8472,7206476.684,81.990058,81.665058,1.134069,-2.900837,86.958743,86.633743,64.977384,-166.205721,86.958829,86.633829,0.008526,0.008842,8/15/2019,2:34:21 PM,443096.8075,7206476.723,81.894229,64.977385,-166.205722,86.862999,0.013562,0.018046,6/27/2017,2:47:39 PM,Tr47 bm1 r rebas
bm1_ll,Target BM1,lobe,bm1_ll_2018,fglb1_bm0_bl,bm1_ll,443096.3745,7206476.368,81.613747,0.010778,0.012987,7/12/2018,4:30:40 PM,bm1_ll,Points,0,443096.4168,7206476.362,81.566954,81.566954,1.134069,-2.900837,86.53564,86.53564,64.977381,-166.20573,86.535726,86.535726,0.008705,0.009304,8/15/2019,2:31:14 PM,443096.379,7206476.387,81.666495,64.977382,-166.205731,86.635267,0.013968,0.018518,6/27/2017,2:46:31 PM,Tr47 bm1 ll
bm1_lr,Target BM1,lobe,bm1_lr_2018,fglb1_bm0_br,bm1_lr,443096.9798,7206476.49,81.596183,0.01083,0.013044,7/12/2018,4:31:09 PM,bm1_lr,Points,0,443096.9996,7206476.48,81.551658,81.551658,1.134069,-2.900837,86.520345,86.520345,64.977383,-166.205718,86.520431,86.520431,0.008349,0.008842,8/15/2019,2:32:04 PM,443096.9851,7206476.539,81.646997,64.977383,-166.205718,86.61577,0.013793,0.018317,6/27/2017,2:45:51 PM,Tr47 bm1 lr
bm1_ul,Target BM1,lobe,bm1_ul_2018,fglb1_bm0_tl,bm1_ul,443096.2811,7206476.82,81.610566,0.012869,0.015643,7/12/2018,4:29:37 PM,bm1_ul,Points,0,443096.299,7206476.82,81.581751,81.581751,1.134069,-2.900837,86.550431,86.550431,64.977386,-166.205733,86.550517,86.550517,0.008688,0.009583,8/15/2019,2:29:18 PM,443096.2648,7206476.862,81.665293,64.977386,-166.205734,86.634058,0.014111,0.018809,6/27/2017,2:44:37 PM,Tr47 bm1 ul
bm1_ur,Target BM1,lobe,bm1_ur_2018,fglb1_bm0_tr,bm1_ur,443096.9015,7206476.956,81.647603,0.013021,0.015798,7/12/2018,4:30:09 PM,bm1_ur,Points,0,443096.9199,7206476.932,81.614953,81.614953,1.134069,-2.900837,86.583635,86.583635,64.977387,-166.20572,86.583721,86.583721,0.007678,0.008874,8/15/2019,2:27:00 PM,443096.8833,7206476.983,81.693344,64.977387,-166.205721,86.662111,0.014077,0.018722,6/27/2017,2:45:16 PM,Tr47 bm1 ur
t2_0,t2_0,gcp,t2_0_2018,t2_0,t2_0,442944.1392,7206602.568,106.954955,0.013128,0.014212,7/10/2018,6:33:30 PM,t2_0,Points,0.2111375,442944.2524,7206602.408,106.94195,106.7308125,1.134089,-2.900894,111.909033,111.6978955,64.978486,-166.209005,111.909119,111.6979815,0.005635,0.006716,8/10/2019,4:31:31 PM,,,,,,,,,,,
t2_1,t2_1,gcp,t2_1_2018,t2_1,t2_1,442843.7842,7206588.877,108.011783,0.013787,0.015389,7/10/2018,6:37:48 PM,t2_1,Points,0.095,442843.8113,7206588.893,108.113142,108.018142,1.134086,-2.900931,113.080098,112.985098,64.978348,-166.211127,113.080184,112.985184,0.007557,0.008937,8/11/2019,6:10:20 PM,,,,,,,,,,,
t2_2,t2_2,gcp,t2_2_2018,t2_2,t2_2,442797.6193,7206758.429,143.103999,0.014617,0.018337,7/10/2018,6:44:36 PM,t2_2,Points,0.0889,442797.6581,7206758.411,143.099549,143.010649,1.134113,-2.90095,148.064525,147.975625,64.97986,-166.212173,148.064611,147.975711,0.006372,0.007334,8/10/2019,7:35:03 PM,,,,,,,,,,,
t2_5,t2_5,gcp,t2_5_2018,t2_5,t2_5,442798.7681,7206923.631,193.46117,0.018588,0.023858,7/10/2018,6:55:48 PM,t2_5,Points,0.127,442798.8089,7206923.615,193.539648,193.412648,1.134138,-2.90095,198.502746,198.375746,64.981343,-166.212216,198.502832,198.375832,0.005218,0.005761,8/11/2019,1:11:00 PM,,,,,,,,,,,
t2_4,t2_4,gcp,t2_4_2018,t2_4,t2_4,442960.223,7206931.674,195.664581,0.021584,0.027875,7/10/2018,7:00:17 PM,t2_4,Points,0.15875,442960.2087,7206931.616,195.800771,195.642021,1.13414,-2.900891,200.764035,200.605285,64.981442,-166.2088,200.764121,200.605371,0.007469,0.008957,8/10/2019,6:01:26 PM,,,,,,,,,,,
t2_9,t2_9,gcp,t2_9_2018,t2_9,t2_9,442632.6596,7207075.169,241.760839,0.016604,0.0221,7/10/2018,7:39:42 PM,t2_9,Points,0.09525,442632.6872,7207075.174,241.812835,241.717585,1.134162,-2.901013,246.773893,246.678643,64.982674,-166.215797,246.773979,246.678729,0.00702,0.008084,8/11/2019,1:26:26 PM,,,,,,,,,,,
t2_7,t2_7,gcp,t2_7_2018,t2_7,t2_7,442510.6674,7207045.767,252.344018,0.016333,0.021605,7/10/2018,7:52:31 PM,t2_7,Points,0.1524,442510.6989,7207045.727,252.365007,252.212607,1.134157,-2.901058,257.326196,257.173796,64.982388,-166.21837,257.326282,257.173882,0.00781,0.009773,8/11/2019,1:48:38 PM,,,,,,,,,,,
t2_8,t2_8,gcp,t2_8_2018,t2_8,t2_8,442452.4725,7206940.489,244.29113,0.020258,0.026429,7/10/2018,7:57:26 PM,t2_8,Points,0.073025,442452.5504,7206940.437,244.183136,244.110111,1.13414,-2.901079,249.145403,249.072378,64.981434,-166.219559,249.145489,249.072464,0.007979,0.010149,8/11/2019,1:54:30 PM,,,,,,,,,,,
t2_6,t2_6,gcp,t2_6_2018,t2_6,t2_6,442639.3141,7206931.592,201.813741,0.021298,0.02718,7/10/2018,8:07:39 PM,t2_6,Points,0.085725,442639.3615,7206931.623,201.81678,201.731055,1.134139,-2.901009,206.779504,206.693779,64.981387,-166.215597,206.77959,206.693865,0.007049,0.008391,8/11/2019,1:34:23 PM,,,,,,,,,,,
t2_3,t2_3,gcp,t2_3_2018,t2_3,t2_3,442954.0026,7206769.017,148.153502,0.019736,0.023539,7/10/2018,8:17:50 PM,t2_3,Points,0.079375,442954.0525,7206769.014,148.195026,148.115651,1.134115,-2.900892,153.160213,153.080838,64.979982,-166.208864,153.160299,153.080924,0.008071,0.009388,8/10/2019,5:46:28 PM,,,,,,,,,,,
t2_23,t2_23,gcp,t2_23_2018,t2_23,t2_23,442949.4384,7206290.271,90.784431,0.016223,0.021374,7/11/2018,2:38:35 PM,t2_23,Points,0.2,442949.4679,7206290.255,90.964003,90.764003,1.13404,-2.90089,95.934544,95.734544,64.975687,-166.208768,95.93463,95.73463,0.006021,0.007199,8/15/2019,4:15:02 PM,,,,,,,,,,,
t2_21,t2_21,gcp,t2_21_2018,t2_21,t2_21,443078.9939,7206388.471,79.228079,0.01653,0.021204,7/11/2018,2:46:37 PM,t2_21,Points,0.14,443078.9896,7206388.471,79.364633,79.224633,1.134055,-2.900843,84.334305,84.194305,64.97659,-166.206064,84.334391,84.194391,0.008377,0.009097,8/15/2019,5:00:02 PM,,,,,,,,,,,
t2_16,t2_16,gcp,t2_16_2018,t2_16,t2_16,443232.9379,7206352.867,71.862737,0.016982,0.020688,7/11/2018,2:51:19 PM,t2_16,Points,0.125,443232.9883,7206352.862,72.019793,71.894793,1.13405,-2.900786,76.99068,76.86568,64.976297,-166.202787,76.990766,76.865766,0.007856,0.008673,8/15/2019,4:49:15 PM,,,,,,,,,,,
t2_17,t2_17,gcp,t2_17_2018,t2_17,t2_17,443204.1494,7206260.514,69.62561,0.017263,0.020852,7/11/2018,2:54:48 PM,t2_17,Points,0.115,443204.0909,7206260.535,69.697908,69.582908,1.134036,-2.900796,74.6698,74.5548,64.975464,-166.203362,74.669886,74.554886,0.007811,0.008725,8/15/2019,4:44:36 PM,,,,,,,,,,,
t2_18,t2_18,gcp,t2_18_2018,t2_18,t2_18,443191.9344,7206139.978,65.069637,0.017886,0.021281,7/11/2018,2:59:25 PM,t2_18,Points,0.22,443192.0101,7206139.989,65.004044,64.784044,1.134017,-2.9008,69.975914,69.755914,64.97438,-166.20357,69.976,69.756,0.007686,0.00869,8/15/2019,4:37:01 PM,,,,,,,,,,,
t2_19,t2_19,gcp,t2_19_2018,t2_19,t2_19,443037.6025,7206128.089,76.817291,0.018673,0.023452,7/11/2018,3:06:25 PM,t2_19,Points,0.19,443037.7137,7206128.112,76.998728,76.808728,1.134015,-2.900856,81.969559,81.779559,64.974247,-166.206833,81.969645,81.779645,0.007046,0.00823,8/15/2019,4:23:43 PM,,,,,,,,,,,
t2_20,t2_20,gcp,t2_20_2018,t2_20,t2_20,443121.3706,7206286.689,74.028917,0.01866,0.024476,7/11/2018,3:12:44 PM,t2_20,Points,0.175,443121.3456,7206286.671,74.154235,73.979235,1.13404,-2.900827,79.125338,78.950338,64.975684,-166.205125,79.125424,78.950424,0.008335,0.009082,8/15/2019,4:54:32 PM,,,,,,,,,,,
t2_24,t2_24,gcp,t2_24_2018,t2_24,t2_24,442834.5917,7206149.508,102.144146,0.021829,0.028721,7/11/2018,3:23:23 PM,t2_24,Points,0.11,442834.6733,7206149.439,101.973874,101.863874,1.134017,-2.900932,106.943226,106.833226,64.974404,-166.211142,106.943312,106.833312,0.007619,0.00833,8/14/2019,5:10:16 PM,,,,,,,,,,,
t2_25,t2_25,gcp,t2_25_2018,t2_25,t2_25,442803.8019,7206281.527,116.277705,0.021862,0.028957,7/11/2018,3:28:53 PM,t2_25,Points,0.1,442803.9366,7206281.495,116.303079,116.203079,1.134038,-2.900944,121.273102,121.173102,64.975583,-166.211847,121.273188,121.173188,0.007582,0.008415,8/14/2019,5:15:45 PM,,,,,,,,,,,
t2_26,t2_26,gcp,t2_26_2018,t2_26,t2_26,442794.445,7206440.226,118.667456,0.024914,0.034482,7/11/2018,3:33:27 PM,t2_26,Points,0.1,442794.5718,7206440.226,118.662793,118.562793,1.134063,-2.900949,123.631176,123.531176,64.977006,-166.21211,123.631262,123.531262,0.007487,0.008069,8/14/2019,5:21:26 PM,,,,,,,,,,,
t2_27,t2_27,gcp,t2_27_2018,t2_27,t2_27,442741.5213,7206557.184,123.797319,0.02025,0.023135,7/11/2018,4:04:14 PM,t2_27,Points,0.095,442741.5791,7206557.187,123.843471,123.748471,1.134081,-2.900969,128.810481,128.715481,64.978046,-166.21328,128.810567,128.715567,0.009384,0.00896,8/14/2019,3:05:51 PM,,,,,,,,,,,
t2_28,t2_28,gcp,t2_28_2018,t2_28,t2_28,442624.1342,7206443.006,159.415511,0.017025,0.019879,7/11/2018,4:13:49 PM,t2_28,Points,0,442624.3149,7206443.015,159.446226,159.446226,1.134063,-2.901012,164.41404,164.41404,64.977001,-166.215717,164.414126,164.414126,0.009092,0.009717,8/14/2019,3:20:35 PM,,,,,,,,,,,
t2_30,t2_30,gcp,t2_30_2018,t2_30,t2_30,442609.1954,7206235.799,153.986094,0.019045,0.022338,7/11/2018,4:23:38 PM,t2_30,Points,0.1,442609.2422,7206235.827,154.089109,153.989109,1.13403,-2.901016,159.058804,158.958804,64.97514,-166.215952,159.05889,158.95889,0.006693,0.007447,8/14/2019,5:00:12 PM,,,,,,,,,,,
t2_29,t2_29,gcp,t2_29_2018,t2_29,t2_29,442487.8384,7206307.927,195.784781,0.018308,0.022014,7/11/2018,4:32:10 PM,t2_29,Points,0.115,442488.3781,7206307.888,195.708274,195.593274,1.134041,-2.901061,200.676911,200.561911,64.975766,-166.218542,200.676997,200.561997,0.00583,0.006612,8/14/2019,4:51:39 PM,,,,,,,,,,,
t2_31,t2_31,gcp,t2_31_2018,t2_31,t2_31,442513.0149,7206455.855,189.793703,0.016616,0.020937,7/11/2018,4:40:53 PM,t2_31,Points,0,442513.1244,7206455.904,189.818406,189.818406,1.134064,-2.901053,194.785769,194.785769,64.977098,-166.218078,194.785855,194.785855,0.009394,0.009965,8/14/2019,3:27:27 PM,,,,,,,,,,,
t2_32,t2_32,gcp,t2_32_2018,t2_32,t2_32,442336.5229,7206522.071,242.438237,0.018246,0.02569,7/11/2018,4:58:29 PM,t2_32,Points,0.104775,442336.5422,7206522.092,242.490568,242.385793,1.134074,-2.901118,247.456843,247.352068,64.977661,-166.221845,247.456929,247.352154,0.01153,0.021123,8/11/2019,2:19:25 PM,,,,,,,,,,,
t2_33,t2_33,gcp,t2_33_2018,t2_33,t2_33,442461.2087,7206614.749,201.700337,0.025705,0.045509,7/11/2018,5:16:56 PM,t2_33,Points,0.130175,442461.2156,7206614.699,201.853313,201.723138,1.134089,-2.901073,206.819009,206.688834,64.978513,-166.219242,206.819095,206.68892,0.009838,0.0175,8/11/2019,2:29:06 PM,,,,,,,,,,,
t2_15,t2_15,gcp,t2_15_2018,t2_15,t2_15,443233.7554,7206491.224,72.648206,0.014326,0.017838,7/12/2018,4:36:42 PM,t2_15,Points,0.155,443233.7573,7206491.287,72.774234,72.619234,1.134072,-2.900787,77.743345,77.588345,64.977539,-166.202827,77.743431,77.588431,0.009965,0.015505,8/14/2019,2:09:34 PM,,,,,,,,,,,
t2_14,t2_14,gcp,t2_14_2018,t2_14,t2_14,443271.7512,7206610.476,77.455697,0.023674,0.030904,7/12/2018,4:42:16 PM,t2_14,Points,0.23,443271.7618,7206610.37,77.65171,77.42171,1.134091,-2.900773,82.619443,82.389443,64.978614,-166.20207,82.619529,82.389529,0.005972,0.006967,8/12/2019,1:34:48 PM,,,,,,,,,,,
t2_13,t2_13,gcp,t2_13_2018,t2_13,t2_13,443282.4285,7206721.738,99.897379,0.018854,0.028686,7/12/2018,5:33:00 PM,t2_13,Points,0.11,443282.5814,7206721.658,99.817037,99.707037,1.134108,-2.90077,104.783343,104.673343,64.979614,-166.201885,104.783429,104.673429,0.00828,0.012051,8/14/2019,1:53:55 PM,,,,,,,,,,,
t2_12,t2_12,gcp,t2_12_2018,t2_12,t2_12,443157.7626,7206638.86,99.228519,0.022,0.031218,7/12/2018,5:37:59 PM,t2_12,Points,0.015,443157.8682,7206638.752,99.372087,99.357087,1.134095,-2.900816,104.338996,104.323996,64.978849,-166.204494,104.339082,104.324082,0.008838,0.013838,8/14/2019,1:59:49 PM,,,,,,,,,,,
t2_11,t2_11,gcp,t2_11_2018,t2_11,t2_11,443131.2517,7206759.13,133.109625,0.027999,0.0361,7/12/2018,5:45:12 PM,t2_11,Points,0.105,443131.2802,7206759.096,133.212035,133.107035,1.134114,-2.900826,138.177334,138.072334,64.979924,-166.205106,138.17742,138.07242,0.006577,0.008933,8/14/2019,1:46:11 PM,,,,,,,,,,,
t2_ex1,t2_ex1,gcp_ex,t2_ex1_2018,t2_ex1,t2_ex1,442830.4183,7205579.128,75.049784,0.017387,0.028216,7/13/2018,5:07:12 PM,t2_ex1,Points,0.145,442830.4641,7205579.089,75.003142,74.858142,1.133928,-2.900929,79.978627,79.833627,64.969287,-166.211,79.978713,79.833713,0.006757,0.007562,8/16/2019,12:14:05 PM,,,,,,,,,,,
t2_ex2,t2_ex2,gcp_ex,t2_ex2_2018,t2_ex2,t2_ex2,442756.716,7205595.112,82.900023,0.018931,0.032789,7/13/2018,5:11:46 PM,t2_ex2,Points,0.085,442756.7185,7205594.991,82.707062,82.622062,1.13393,-2.900957,87.681738,87.596738,64.969417,-166.212568,87.681824,87.596824,0.007904,0.010777,8/16/2019,1:51:12 PM,,,,,,,,,,,
t2_ex3,t2_ex3,gcp_ex,t2_ex3_2018,t2_ex3,t2_ex3,442686.9633,7205635.38,98.909996,0.023672,0.045432,7/13/2018,5:16:06 PM,t2_ex3,Points,0.08,442687.1734,7205635.212,98.688771,98.608771,1.133936,-2.900983,103.662476,103.582476,64.969765,-166.214057,103.662562,103.582562,0.008526,0.012502,8/16/2019,1:55:03 PM,,,,,,,,,,,
t2_ex4,t2_ex4,gcp_ex,t2_ex4_2018,t2_ex4,t2_ex4,442577.4268,7205674.084,131.122456,0.027219,0.051452,7/13/2018,5:21:06 PM,t2_ex4,Points,0.07,442577.4709,7205674.062,131.043587,130.973587,1.133942,-2.901023,136.016158,135.946158,64.970095,-166.216396,136.016244,135.946244,0.007882,0.008978,8/16/2019,1:22:29 PM,,,,,,,,,,,
t2_ex5,t2_ex5,gcp_ex,t2_ex5_2018,t2_ex5,t2_ex5,442560.7377,7205594.25,131.646748,0.02917,0.051807,7/13/2018,5:27:59 PM,t2_ex5,Points,0.055,442560.7063,7205594.178,131.629744,131.574744,1.13393,-2.901029,136.603,136.548,64.969375,-166.216719,136.603086,136.548086,0.007793,0.008757,8/16/2019,1:16:49 PM,,,,,,,,,,,
t2_ex6,t2_ex6,gcp_ex,t2_ex6_2018,t2_ex6,t2_ex6,442519.6839,7205505.099,129.345736,0.042527,0.055859,7/13/2018,5:35:32 PM,t2_ex6,Points,0.145,442519.8894,7205504.988,129.214984,129.069984,1.133915,-2.901043,134.18886,134.04386,64.968568,-166.217547,134.188946,134.043946,0.008034,0.008905,8/16/2019,12:57:41 PM,,,,,,,,,,,
t2_ex8,t2_ex8,gcp_ex,t2_ex8_2018,t2_ex8,t2_ex8,442694.1341,7205578.448,89.854766,0.025451,0.030197,7/13/2018,5:44:52 PM,t2_ex8,Points,0.115,442694.3384,7205578.322,89.685899,89.570899,1.133927,-2.90098,94.660262,94.545262,64.969256,-166.213882,94.660348,94.545348,0.007408,0.009862,8/16/2019,1:46:23 PM,,,,,,,,,,,
t2_ex9,t2_ex9,gcp_ex,t2_ex9_2018,t2_ex9,t2_ex9,442744.4894,7205495.299,80.991931,0.017989,0.020631,7/13/2018,5:52:01 PM,t2_ex9,Points,0.105,442744.5787,7205495.24,80.88233,80.77733,1.133915,-2.90096,85.858012,85.753012,64.96852,-166.212785,85.858098,85.753098,0.007149,0.007917,8/16/2019,12:44:54 PM,,,,,,,,,,,
t2_ex10,t2_ex10,gcp_ex,t2_ex10_2018,t2_ex10,t2_ex10,442794.2136,7205488.466,73.284216,0.018025,0.020263,7/13/2018,5:55:10 PM,t2_ex10,Points,0.06,442794.2852,7205488.389,73.191099,73.131099,1.133914,-2.900942,78.167301,78.107301,64.968467,-166.211729,78.167387,78.107387,0.007917,0.008799,8/16/2019,12:31:01 PM,,,,,,,,,,,
